"rfit.summary[-c(1:4, 22, 23, 24), ]"
"  (Intercept)            la            lo           cal             e         la:lo "
" 4.300929e+03 -1.439140e+02 -5.079789e+01  1.008935e+01 -1.498279e+03  2.016151e+00 "
"       la:cal        lo:cal          la:e          lo:e         cal:e     la:lo:cal "
" 3.394749e-01 -1.387268e-01  5.624118e+01  2.102801e+01 -5.867858e-01 -4.838340e-03 "
"      la:lo:e      la:cal:e      lo:cal:e   la:lo:cal:e "
"-7.896152e-01  3.484775e-02  8.165421e-03 -4.859737e-04 "
